{"linear": {"1": {"eigenvalues": [0.029467682049713673, 0.029287403586919503, 0.02931042770479053, 0.02928966157228119, 0.029326416281375056, 0.029272040816037792, 0.029347937204323993, 0.029327217610467637, 0.030449617098317394, 0.029298717812892283, 0.017737838923977733, 0.03064282322007017, 0.14579413949380182, 0.020632949319988825, 0.017946922390898123], "iters": [1999, 1600, 2438, 1274, 1860, 1823, 2169, 2971, 2814, 3117, 3444, 5000, 5000, 5000, 2981]}, "2": {"eigenvalues": [0.02988158613916503, 0.039119883947059675, 0.03316028831297285, 0.031746903590704534, 0.030274141627058104, 0.029677007389972976, 0.029738283400226717, 0.03942510334366045, 0.040522016286655416, 0.0296252869514399, 1.476708116041081, 0.09049634675624674, 0.040223610523838715, 0.01275522355555836, 0.09439729263313268], "iters": [5196, 4483, 4951, 4427, 7571, 6493, 7178, 4795, 2397, 2380, 10000, 10000, 10000, 9114, 10000]}, "3": {"eigenvalues": [0.03339069392000915, 0.02936954794044322, 0.05194568861049742, 0.02934920171692451, 0.03002153721305334, 0.030519869159000956, 0.029467015513432004, 0.03954782295050058, 0.02954146296011817, 0.02951858035381888], "iters": [5204, 5231, 15000, 8185, 8357, 7689, 7571, 15000, 8545, 7018]}, "4": {"eigenvalues": [0.03008640673070062, 0.02979697955040206, 0.02968970892172451, 0.029361864653657144, 0.030299839588110222, 0.03040411782911001, 0.03319039493237086, 0.03164383994995057, 0.030328368777134906, 0.0350964929400458], "iters": [6581, 12803, 8114, 12483, 9256, 13820, 18858, 11572, 5268, 10502]}}, "reverse_linear": {"1": {"eigenvalues": [0.029265809343854587, 0.029304542814131584, 0.029854579872548026, 0.02938846742093404, 0.029395528716084085, 0.029387084739990688, 0.02928647925098382, 0.029303735503603823, 0.029331183010163187, 0.029263667914664004, 0.020019793124809837, 0.0204668414104745, 0.02484987198518951, 0.02163244030887057, 0.02160331427419493], "iters": [1397, 1268, 2421, 1489, 2602, 2058, 2487, 1182, 2736, 1376, 5000, 5000, 5000, 5000, 5000]}, "2": {"eigenvalues": [0.03618050409892687, 0.04163460137707897, 0.038759828548285635, 0.029297038858662805, 0.029269581596115257, 0.04260480626467178, 0.029532678969312942, 0.04216078028933157, 0.040949134784794006, 0.04155842924098252, 0.018993883922611587, 0.17423848261355346, 0.039030285809602105, 0.007636340798825358, 0.04355742901145021], "iters": [8173, 3123, 1587, 2261, 2893, 7279, 6140, 5695, 4548, 3815, 10000, 10000, 8588, 10000, 10000]}, "3": {"eigenvalues": [0.03362196026839648, 0.02948849499955536, 0.03166457364359304, 0.033607024718364076, 0.030023534618684455, 0.02987691791212249, 0.029622630130704708, 0.030521335257537863, 0.030915049795919303, 0.029309661610020854], "iters": [13644, 3821, 9163, 13553, 10710, 7805, 6856, 9280, 11762, 2807]}, "4": {"eigenvalues": [0.0312823008971278, 0.03139068427854119, 0.02943632394645629, 0.03397986226471794, 0.029782719632711785, 0.029869820838720085, 0.0364413310372983, 0.03647738281939905, 0.02954499211059941, 0.03448794543397565], "iters": [6680, 18175, 7454, 13403, 14848, 15918, 20000, 12612, 5942, 15458]}}, "circular": {"1": {"eigenvalues": [0.02931930968486335, 0.02928897177227552, 0.029338838480641782, 0.029349299075957958, 0.02941315421994628, 0.029414998800360415, 0.0420256807869297, 0.029330559782420662, 0.029299736812071875, 0.04264653648348726], "iters": [2316, 2279, 3567, 1675, 2841, 3509, 3207, 1888, 2484, 5000]}, "2": {"eigenvalues": [2.0403495806820753, 0.030340293465664137, 0.041643577894646566, 0.04703854137327107, 0.029483176392228083, 0.0358663077350273, 0.03192671461049751, 0.03078445139497904, 0.03352502034911764, 0.029436554096209877], "iters": [3604, 5248, 6518, 10000, 6324, 3813, 4492, 10000, 10000, 4193]}, "3": {"eigenvalues": [0.029441154780607826, 0.030457509571107544, 0.03120926567928939, 0.031248890898954607, 0.044039724569804206, 0.029621654218466686, 0.03407557476027401, 0.02975977651424011, 0.1627991980494032, 0.029831771416515995], "iters": [12290, 11112, 13266, 8761, 15000, 9064, 15000, 13199, 15000, 5503]}, "4": {"eigenvalues": [0.030680155842100487, 1.7457754237071896, 0.03066646836589959, 0.03039856522673212, 0.03086319333749643, 0.04132964886451268, 0.02965883324377344, 0.03643454611358787, 0.030407363983551594, 0.029492438559704737], "iters": [16872, 11258, 15251, 17726, 12627, 20000, 15735, 20000, 15655, 14403]}}, "sca": {"1": {"eigenvalues": [0.029349599112448832, 0.02938082880375459, 0.029307925089073317, 0.02928068454958549, 0.041856390613130734, 0.02932314660916524, 0.029341027029872846, 0.029383995401431884, 0.0293532453493327, 0.059320259688285026], "iters": [2620, 2154, 1778, 3201, 4794, 2484, 2148, 2992, 3294, 5000]}, "2": {"eigenvalues": [0.04236079152819372, 0.04174497421560974, 0.03461108413369518, 1.4390606977532154, 0.029534095474268496, 0.02954870970685014, 0.04194923769470926, 0.042037115725717444, 0.029455925423400087, 0.02954085700836445], "iters": [2902, 7424, 5662, 10000, 4624, 2423, 6415, 7553, 2967, 4472]}, "3": {"eigenvalues": [0.029613595903474343, 0.03579265012701671, 0.04046258447968004, 0.030046361923631804, 0.029576445938185036, 0.030864633642234185, 0.03265625913975673, 0.04623463423524454, 0.030982763745091235, 0.02973755210460416], "iters": [5200, 10895, 15000, 15000, 12317, 12323, 12122, 15000, 7800, 12863]}, "4": {"eigenvalues": [0.030980236302275643, 0.034839451080734385, 0.0298091036903414, 0.029900344951019897, 0.029565217375821018, 0.04083823752729099, 0.03260285632954096, 0.029515328687359177, 0.030483248814740904, 0.030232919976342754], "iters": [5724, 10589, 13576, 11571, 14364, 18194, 9827, 10970, 8239, 19780]}}}