{"linear": {"1": {"eigenvalues": [0.42228018091503117, 0.023009845567628417, 0.04271066846459348, 0.0674000913190369, 0.02313882139677048, 0.034306011087728905, 0.43053959083152904, 5.767052924670974, 0.20263738959612, 0.01792840240004523], "iters": [10000, 10000, 10000, 10000, 10000, 10000, 10000, 10000, 10000, 9636]}, "2": {"eigenvalues": [0.5384920058404639, 0.31026132736277034, 0.7405274549290723, 0.17512462674751816, 0.03654140347988033, 1.0022884833320944, 0.048977626070481506, 0.11956216318551327, 0.11524105375316651, 0.041187756823177324], "iters": [20000, 20000, 20000, 20000, 20000, 20000, 20000, 20000, 20000, 20000]}, "3": {"eigenvalues": [1.9698783971985563, 0.06667471010417358, 0.3177418279781321, 0.04378592940278736, 0.06096812193666068, 0.021086495448443543, 0.02586139719974767, 0.039935519030024125, 0.6436859019731163, 1.9792602437262161], "iters": [30000, 30000, 30000, 30000, 30000, 24139, 30000, 30000, 30000, 30000]}, "4": {"eigenvalues": [0.06148970728748537, 0.6259083308336848, 0.12707865298243348, 0.23106614735689135, 0.21855584314929644, 0.19055411843633863, 0.34706247939159596, 0.7867170239221086, 2.083764984153372, 1.817520291120644], "iters": [40000, 40000, 40000, 40000, 40000, 40000, 40000, 40000, 40000, 40000]}}, "reverse_linear": {"1": {"eigenvalues": [0.02172586002671295, 0.08926755095225047, 0.06785079069111077, 0.059070465265577354, 0.04257627804188502, 0.02830830105195048, 0.06720435749260645, 0.035209788222068994, 0.03917736749762213, 0.05537792424146204], "iters": [6866, 10000, 10000, 10000, 10000, 10000, 10000, 10000, 10000, 10000]}, "2": {"eigenvalues": [0.039007706981024626, 0.04657434034358943, 0.0407231624383968, 0.2286342356791664, 0.023361202106144674, 0.04397093646335293, 0.04012469195288304, 0.020883485918631095, 0.06648951359785826, 0.03904363891374629], "iters": [20000, 20000, 20000, 20000, 20000, 20000, 20000, 20000, 20000, 20000]}, "3": {"eigenvalues": [2.420077526665338, 0.27456948551161275, 0.02604063938132839, 1.563743787528594, 0.03899025601128869, 0.08478543530185334, 0.09941077833514811, 0.02994107910421917, 0.02333838416646472, 0.06146620146957105], "iters": [30000, 30000, 30000, 30000, 30000, 30000, 30000, 30000, 30000, 30000]}, "4": {"eigenvalues": [0.619910041150078, 0.2811766323179228, 3.2491048597527836, 0.05120541547304214, 0.30648514457475784, 9.438537654582483, 0.07661186310453161, 0.03497388002823243, 0.027276170948347556, 0.46023378905688617], "iters": [40000, 40000, 40000, 40000, 40000, 40000, 40000, 40000, 40000, 40000]}}, "circular": {"1": {"eigenvalues": [0.023216573440706156, 1.861797120904285, 1.5956878174102798, 3.3630365543922665, 12.30368256691925, 2.296329708900558, 0.04270497438238152, 0.16900190363505985, 0.9396609918968757, 1.8275630892286259], "iters": [10000, 10000, 10000, 10000, 9186, 10000, 10000, 10000, 10000, 10000]}, "2": {"eigenvalues": [0.06796380678157732, 2.8479583611497716, 1.4905323009137277, 7.153681093432525, 0.061159076345660424, 1.2733715273273827, 1.3513487921659717, 1.0217877111153815, 0.02315744014628507, 0.6771468965110614], "iters": [20000, 20000, 20000, 20000, 20000, 20000, 20000, 20000, 20000, 20000]}, "3": {"eigenvalues": [0.061133856908284656, 11.10980352262866, 10.312519358440246, 9.849310835364097, 0.06829111779576635, 1.46902309038083, 2.2097846192391506, 1.9614546847503922, 1.7767827673949697, 1.1958555961455772], "iters": [30000, 30000, 30000, 30000, 30000, 30000, 30000, 30000, 30000, 30000]}, "4": {"eigenvalues": [2.978365855238497, 4.926476898473666, 5.361021074656675, 3.935097923334503, 1.9550469681777436, 3.469033148875738, 0.5440444511846749, 7.1452886522464425, 0.8886626190448581, 6.8356032022124396], "iters": [40000, 40000, 40000, 40000, 40000, 40000, 40000, 40000, 40000, 40000]}}, "sca": {"1": {"eigenvalues": [1.3587256098601825, 5.615015401507314, 12.31528245840974, 0.07170115091993523, 2.0775977509008072, 12.754430201855598, 1.8780246652569303, 1.1297813877145444, 0.09648684495483906, 12.766979584974507], "iters": [10000, 10000, 10000, 10000, 10000, 10000, 10000, 10000, 10000, 10000]}, "2": {"eigenvalues": [0.04149039805107435, 0.031834879766940105, 0.029085196042096584, 0.046733450125941545, 0.41390456546285037, 0.03336534443766226, 10.427738502663413, 0.06043194697455334, 0.05806953079066801, 0.020746478814537284], "iters": [20000, 20000, 18304, 20000, 20000, 20000, 20000, 20000, 20000, 15396]}, "3": {"eigenvalues": [1.7116020936325693, 1.373995984322093, 5.228701944857035, 0.8259885727233893, 1.895037248092713, 1.4124117761150643, 5.468690633324385, 1.9820565695611911, 1.8155380346270036, 1.0433490580098308], "iters": [30000, 30000, 30000, 30000, 30000, 30000, 30000, 30000, 30000, 30000]}, "4": {"eigenvalues": [6.2283074872137245, 0.07885626749579444, 0.025253100800114225, 0.08412797274878869, 0.5156169950742537, 0.05581085716768541, 3.8563643685124234, 1.309350976342813, 0.3851868203746136, 0.5171294638718287], "iters": [40000, 40000, 40000, 40000, 40000, 40000, 40000, 40000, 40000, 40000]}}}