{"linear": {"1": {"eigenvalues": [0.0186518877098365, 0.017527389315560526, 0.08696848116950662, 0.01865391634899538, 0.0191169105645983, 0.01844443758874803, 0.01760220757162756, 0.018631992510599105, 0.01806716608049186, 0.01893972995442539, 0.018333719698361506, 0.0181978563676779, 0.018274853317677753, 0.017837140221992343, 0.018316871832837478, 0.017564656471869, 0.018024689722324183, 0.01820826996237912, 0.018613791847933214, 0.018300926287018626], "iters": [3648, 8971, 10000, 5558, 10000, 4676, 3711, 5490, 5982, 5633, 5452, 6740, 6605, 3969, 6646, 3097, 7573, 8866, 9193, 4428]}, "2": {"eigenvalues": [0.0022818158135891053, 0.03735906198176764, 0.02913484839752556, 0.038803695818266704, 0.004621008218656186, 0.005133105467002963, 0.05602761173579296, 0.04293789220268707, 0.012282291317205818, 0.008798282364672616], "iters": [10501, 10064, 16932, 14944, 6852, 10590, 20000, 10975, 20000, 13024]}, "3": {"eigenvalues": [0.02473615932485984, 0.02019122996056666, 0.03341035962821337, 0.10463890248639274, 0.023036145483395387, 0.014780735768177067, 0.017806636200489834, 0.009642021600022588, 0.16177113079865535, 1.0484771090553764], "iters": [30000, 28358, 30000, 30000, 30000, 12754, 9197, 17514, 30000, 30000]}, "4": {"eigenvalues": [0.09003794276192423, 0.8809219465855729, 0.01010765647199463, 0.627902376185375, 0.018037188032970164, 0.011333027106068982, 1.2516154855814605, 0.04254184465948896, 1.6838714310352003, 0.14673241439644613], "iters": [40000, 40000, 31027, 40000, 34042, 34540, 40000, 40000, 9535, 40000]}}, "reverse_linear": {"1": {"eigenvalues": [0.01880320713113548, 0.04516202271639003, 0.04718436017845562, 0.019859482997198086, 0.03922305809542337, 0.01852615218064102, 0.018174951420874663, 0.018318292979628836, 0.01772616527219384, 0.017870514124084025], "iters": [6852, 7120, 6265, 7216, 10000, 10000, 9072, 4561, 7079, 7066]}, "2": {"eigenvalues": [0.03988224769798876, 0.03889119917126749, 0.04007967836101045, 0.059795247518962924, 0.05781279714645393, 0.039156757275051746, 0.01041973645706662, 0.03926310457331539, 0.03714622454117489, 0.04119549419922919], "iters": [11103, 13418, 13445, 19964, 20000, 10465, 16110, 18028, 16841, 11998]}, "3": {"eigenvalues": [0.05700988251760464, 0.020521597553909032, 0.019607148500980998, 1.0357450446865215, 0.08243723642124934, 0.13448757157728863, 0.264390625428355, 0.022579191411587374, 0.008442618991097106, 0.40672998120952286], "iters": [30000, 24976, 15326, 30000, 30000, 30000, 30000, 16439, 28198, 30000]}, "4": {"eigenvalues": [0.6436917386582905, 0.04436920543923861, 0.04686987599674097, 0.04296291449913525, 0.07962486260395707, 0.007743839047812173, 1.255696827271878, 0.017153272594065072, 0.13498231961388996, 0.023479018647805106], "iters": [40000, 40000, 25773, 40000, 40000, 39398, 40000, 20775, 40000, 40000]}}, "circular": {"1": {"eigenvalues": [2.179948192738159, 12.301585318762605, 1.6818219389913196, 12.288826513661519, 0.39462367779937324, 1.368241902755969, 0.01858531309292033, 0.224194198609446, 4.327433992125329, 0.07345196169465851], "iters": [10000, 5727, 10000, 5128, 10000, 10000, 5274, 10000, 10000, 8569]}, "2": {"eigenvalues": [0.022360661562885298, 0.049435405958170975, 0.05247211505208327, 0.2998107287089553, 0.05183107093132122, 0.03338461725027031, 2.6030605217562623, 0.256118599463079, 0.16853526049845868, 0.04434656452087182], "iters": [10940, 15776, 13921, 20000, 20000, 20000, 20000, 20000, 20000, 7099]}, "3": {"eigenvalues": [0.8958809269645656, 1.5534545111966125, 0.5745867275375716, 0.7464204933708345, 1.8699082967337617, 0.20148894520799843, 0.02381960494320623, 1.7829398361407698, 0.030895180391894428, 0.06661288550596112], "iters": [30000, 30000, 30000, 30000, 30000, 30000, 22871, 30000, 13067, 23991]}, "4": {"eigenvalues": [0.3101126778572123, 3.0020428281618976, 1.2274556821337157, 0.3229344979707207, 0.032652414937643925, 1.2204108554406048, 0.06842083874690985, 0.07542514213576368, 2.0478243605699955, 1.8520925940953181], "iters": [40000, 40000, 40000, 40000, 35191, 40000, 40000, 40000, 40000, 40000]}}, "sca": {"1": {"eigenvalues": [2.7187856900277154, 0.11797723933855764, 12.290146573995571, 0.01876740859173509, 0.018493556304839842, 1.5386225703851721, 5.770901432469513, 0.018741814192303252, 1.767172414941328, 0.018953792552593995], "iters": [10000, 10000, 3038, 5443, 8850, 10000, 10000, 5073, 10000, 9374]}, "2": {"eigenvalues": [0.10027946879981897, 0.025252107922071332, 0.051655380405691176, 0.02364863107435866, 0.017705816298906996, 0.07020669746581376, 0.03542293592114021, 0.1839293027309239, 0.04162449003914759, 0.031058221043743117], "iters": [20000, 20000, 20000, 10324, 12099, 12100, 11950, 20000, 18990, 8378]}, "3": {"eigenvalues": [0.6233263184138309, 12.361901336266044, 1.7298600105457247, 0.03528981171201906, 0.03378740128452051, 0.010905526010503763, 0.818333394586368, 0.4818465512134509, 2.246361033736953, 1.3448316408850403], "iters": [30000, 30000, 26801, 30000, 25724, 24256, 30000, 30000, 30000, 30000]}, "4": {"eigenvalues": [0.053901635196979214, 0.35564461709360984, 0.6143525143051658, 1.1320946217235317, 0.4457204280316702, 0.8313314211798257, 1.7377910942373234, 0.0507828478309591, 0.12899763821761212, 0.05634806970295614], "iters": [40000, 40000, 40000, 40000, 40000, 40000, 40000, 40000, 40000, 25768]}}}