{"linear": {"1": {"eigenvalues": [0.01839532456679649, 0.019573684823583903, 0.01830310812639624, 0.018113235853476795, 0.020322685418619812], "iters": [4078, 5000, 4429, 4199, 5000]}, "2": {"eigenvalues": [0.039425909752765165, 0.010350895032658514, 1.8184726433040623, 0.13772169416033364, 0.007010898183423819], "iters": [6194, 10000, 10000, 10000, 10000]}}, "reverse_linear": {"1": {"eigenvalues": [0.02101595615162921, 0.021072245888689167, 0.01865337218269758, 0.02163729494979094, 0.01938959624865788], "iters": [5000, 5000, 3455, 5000, 4961]}, "2": {"eigenvalues": [0.04328705024053647, 0.06545798127378788, 0.19307556465383868, 0.26297623582100726, 0.0445560133845575], "iters": [10000, 10000, 10000, 10000, 9789]}}}