{"linear": {"1": {"eigenvalues": [1.731823839890012e-08, 1.0921866078206222e-08, 1.5093608918270718e-08, 1.3429145240273499e-08, 1.400004379092934e-08, 2.0462271543841837e-08, 8.836510079213156e-09, 7.215185338083074e-09, 4.50262838125326e-09, 2.0811470646808772e-07], "iters": [196, 195, 163, 201, 152, 184, 174, 166, 188, 346]}, "2": {"eigenvalues": [1.389205284141326e-08, 1.4654258029267453e-07, 1.3592271707052461e-06, 2.990510277189884e-07, 4.846425682991651e-08, 3.308749519925769e-06, 2.527024844933834e-08, 1.1177897518699353e-07, 8.911999517913216e-06, 6.124763654802301e-06], "iters": [321, 566, 903, 920, 328, 2495, 293, 473, 3900, 300]}, "3": {"eigenvalues": [2.489134592886799e-07, 1.18855905462123e-06, 2.2417070218994084e-06, 1.0489793702550543e-05, 1.7290034852956992e-05, 1.1147657918986198e-07, 3.1372062836432235e-08, 7.739779652515821e-06, 3.9535775933075e-06, 2.984004911166238e-06], "iters": [1525, 4161, 3021, 2736, 5763, 967, 430, 3089, 2647, 3926]}, "4": {"eigenvalues": [1.621456984457481e-06, 3.235517487931716e-06, 1.834992853222417e-07, 1.2114612282232429e-06, 9.636373554666733e-07, 1.4250339327448458e-06, 1.0080893255492995e-05, 1.1492697287729392e-05, 1.3964612392780573e-05, 2.5908577303557223e-06], "iters": [2548, 5366, 1242, 1911, 2164, 1514, 12778, 6029, 8645, 3856]}}, "reverse_linear": {"1": {"eigenvalues": [1.0126499128126909e-07, 1.6648148748465985e-08, 1.0149175388995957e-08, 5.080242138078006e-07, 3.919263591445343e-08, 8.708244392252595e-08, 4.732769831594652e-08, 7.409597713170513e-09, 1.8118435307634684e-08, 2.2376966057890968e-08], "iters": [434, 179, 173, 1020, 201, 270, 244, 171, 189, 235]}, "2": {"eigenvalues": [3.888218644498842e-06, 2.5975734230243575e-08, 1.1593322546410434e-07, 1.3315088365217775e-08, 2.854092711057632e-07, 7.724416184462513e-08, 1.4572308493221442e-07, 3.130921201821568e-05, 2.7804695768018917e-08, 2.2624329742981786e-08], "iters": [3419, 532, 639, 239, 288, 495, 467, 4030, 333, 249]}, "3": {"eigenvalues": [2.656550128876667e-06, 1.5625556748499747e-07, 6.792868263438834e-07, 8.59641867689831e-08, 2.0422619019244692e-05, 9.459569823011549e-07, 3.911677998513774e-06, 2.3442318587418853e-06, 2.894855604551605e-05, 3.069241168995873e-07], "iters": [2759, 659, 1264, 542, 8894, 1998, 4905, 2523, 6899, 1663]}, "4": {"eigenvalues": [3.0339075691276918e-05, 9.07015380580134e-07, 6.87931561715871e-08, 1.4788115192398976e-06, 1.2405258021930265e-06, 3.998189674558894e-06, 3.7102365263441683e-06, 1.5659132746037585e-07, 5.003590668872793e-05, 7.5683194822318e-08], "iters": [13823, 2034, 793, 1951, 2245, 2825, 3965, 1386, 9355, 770]}}, "circular": {"1": {"eigenvalues": [4.9565547222130135e-09, 1.1262081933693935e-08, 3.9882773750221645e-09, 4.9265307389134705e-09, 9.401805078912417e-08, 2.688540956530261e-08, 1.704288399295706e-08, 1.718352649060506e-08, 2.8918708649960934e-08, 1.2494172918486868e-08], "iters": [301, 204, 206, 202, 213, 196, 183, 190, 218, 169]}, "2": {"eigenvalues": [2.6913610007284205e-08, 3.427773506148313e-07, 1.859073384125054e-08, 6.556379994471229e-09, 8.206280243117092e-07, 1.5653640161872318e-08, 3.6746621301375626e-08, 2.2731985405144428e-08, 3.814673832369664e-08, 2.4737324744172895e-08], "iters": [309, 758, 335, 352, 307, 245, 309, 377, 326, 310]}, "3": {"eigenvalues": [1.0494729413279558e-06, 1.0727373468522039e-05, 7.926698822768863e-06, 2.5808057220744196e-05, 6.26732010955422e-07, 2.5901768840874695e-08, 3.3355850415084376e-08, 9.749972929018469e-08, 5.675669656479698e-08, 1.1757072000406765e-06], "iters": [2371, 4196, 2772, 6166, 1159, 569, 509, 491, 614, 1960]}, "4": {"eigenvalues": [6.84005299067536e-08, 8.296066508206579e-07, 2.06144436076805e-07, 5.895920385656783e-05, 1.4792027689392029e-06, 2.547285483101014e-06, 1.7079998193558765e-06, 6.688331800619451e-07, 3.1581893030763197e-06, 5.190978096258902e-07], "iters": [619, 2412, 1445, 3017, 3274, 1044, 2656, 1522, 3262, 3299]}}, "sca": {"1": {"eigenvalues": [1.637477431426504e-08, 2.2273644262327252e-08, 9.421034952161733e-09, 1.1596378302058952e-08, 1.047747122395748e-08, 1.6096915689267632e-08, 1.3999336689884956e-08, 1.1406862676643925e-08, 2.2771229901685786e-08, 1.001020577540146e-08], "iters": [213, 186, 192, 190, 172, 191, 185, 222, 181, 203]}, "2": {"eigenvalues": [3.1795572397186334e-08, 4.438084867386394e-07, 8.77154920919665e-08, 3.140280113722582e-08, 1.2022105932985028e-07, 6.422733589417362e-08, 3.209467913656283e-08, 1.9607737034021966e-07, 5.298138106013539e-08, 2.6348222492700302e-08], "iters": [324, 1098, 788, 315, 313, 507, 332, 1003, 355, 371]}, "3": {"eigenvalues": [6.527126483746315e-08, 3.052437474559966e-06, 1.9669416206902213e-08, 1.5432094002676422e-06, 1.3559609741475853e-05, 1.9983494569109084e-06, 5.11702561545313e-07, 2.1309346739606383e-05, 3.871572928915157e-08, 3.302989481923646e-08], "iters": [493, 2888, 385, 2148, 3825, 1696, 896, 4342, 514, 698]}, "4": {"eigenvalues": [1.7599545663493643e-05, 9.134108015507181e-07, 6.291676435399296e-08, 1.8078775330221397e-05, 7.933086842881742e-06, 1.0745917101706581e-06, 2.368319570011934e-06, 4.6148197452300366e-07, 1.7734214841080842e-07, 6.49454250378767e-07], "iters": [9803, 1576, 950, 10235, 7787, 4709, 5418, 1529, 1469, 2674]}}}